model,accuracy,precision,recall,f1_score,roc_auc
Logistic Regression,0.675531914893617,0.676873830698552,0.675531914893617,0.6754350042413253,0.7560113243158239
Random Forest,0.6879432624113475,0.6899711648668764,0.6879432624113475,0.6877077449299286,0.7537967914438506
Linear SVM,0.6950354609929078,0.6996527970550446,0.6950354609929078,0.694159523541489,0.7584020132117028
